distance,hour,rain,snow,traffic,price
8.116262258099887,14,0,1,medium,260.1459268200256
19.063571821788408,11,1,0,low,405.37666981288595
14.907884894416696,15,0,1,low,372.96238989474335
12.374511199743695,23,1,1,medium,315.16892033108394
3.964354168406294,18,1,0,low,263.2265079884213
3.96389588638785,7,0,0,high,258.6503960726493
2.1035886311957896,20,1,1,low,203.4281819633751
17.457346769723767,16,0,1,low,429.13361082456504
12.421185223120967,22,1,0,low,264.4115029947947
14.453378978124864,4,0,1,low,371.96877252267655
1.3911053916202465,21,1,0,low,176.37271417047126
19.428287191077892,15,1,1,medium,457.1847542235584
16.816410175208013,5,1,0,low,346.42002973555634
5.034443102887247,7,1,1,medium,345.9293222424903
4.4546743769349115,17,0,0,low,210.8580051964689
4.484685687215243,11,0,0,low,95.31459264516866
6.780602616231217,14,0,0,low,110.28380524985869
10.97037220101252,8,0,0,high,508.4063474968604
9.206955354200199,12,0,0,low,158.45566132157504
6.533353663762797,14,0,0,medium,130.32296356935757
12.62520499972521,9,1,1,low,577.8168447877329
3.6503833523887947,15,0,0,medium,93.95159924797096
6.550748322169145,6,1,0,low,170.9880917829732
7.960875022580142,16,0,0,medium,153.74670723228328
9.665329700123683,22,1,0,medium,257.8220891386915
15.918343266467259,20,1,0,high,920.7698557494884
4.793801861008835,21,0,0,low,208.48649873743352
10.770454329858621,6,0,0,low,159.21908693987734
12.255876808378806,13,1,0,low,247.6033293214006
1.8825578416799567,14,0,0,high,88.9082641578351
12.54335218612733,20,0,0,medium,493.0929015441931
4.239958350058539,6,0,0,medium,112.89423428252908
2.235980266720311,8,0,0,low,141.26956323495727
19.02882520781333,18,0,1,low,942.089376469363
19.347008628416628,15,0,0,low,273.88271558993233
16.35954961421276,7,0,1,high,1073.809238717194
6.787661614294043,17,0,0,medium,301.82947073609563
2.8557701661212933,22,1,1,high,152.99899170082998
14.00042750373098,17,0,1,low,741.2922731873093
9.362897381052425,19,1,0,medium,533.0809724332788
3.3187264620507975,6,0,1,medium,159.22115970930557
10.408361292114133,2,0,0,low,161.02201009451443
1.6533819011891495,17,0,0,high,167.07047590754118
18.27708763949686,9,0,1,high,1197.9183028279465
5.916819650400321,6,0,1,high,230.6280822119077
13.587923402725657,16,0,0,medium,231.22931338184512
6.9225104456988085,13,0,0,low,123.74471596632357
10.881292402378406,23,0,0,low,183.78540145803916
11.387495307522313,2,0,0,high,236.81763603123625
4.512234654985013,11,0,1,low,145.7301206065575
19.422107927526614,12,0,0,medium,314.0030874715938
15.727523643861176,1,1,0,medium,378.9458314377241
18.850479889719594,2,0,0,medium,304.30991579573487
18.001719658125328,4,0,0,high,337.78529952699756
12.360099597410617,10,1,0,low,564.9900017948701
18.51561046543922,7,0,1,low,917.0084255040066
2.6813575389864703,22,0,1,low,125.80848087635023
4.723674385963759,22,1,1,low,144.6616988707389
1.8593184893002233,11,0,0,low,63.50717765967625
7.181276284502022,6,0,1,low,210.92914544729865
8.384868504100158,14,0,1,high,307.9791430530849
6.155631603704022,23,0,1,high,256.0903285790708
16.746012673886657,16,0,0,low,241.22335835964358
7.778313207178196,3,0,0,low,125.00497812261412
6.337755684060235,21,0,0,high,329.58724383895503
11.31122558000672,12,0,0,low,163.81760758859178
3.6775602745204905,17,1,0,low,269.08465982830717
16.241742634326755,0,1,0,low,344.7170074060659
2.4164622299156457,15,0,0,medium,78.49527570739153
19.75085179540983,12,0,1,low,464.51693452959864
15.67265061663649,9,0,0,high,662.5185965802019
4.775597949149276,11,0,0,low,106.05307225044899
1.1049202253484456,1,0,1,medium,118.74441756097438
16.49376714064185,22,0,1,low,397.2504542207964
14.430289533104725,2,1,1,low,316.0627272972953
14.851136192778759,9,0,1,medium,881.0434382286885
15.65413658703297,1,0,0,medium,260.32765346177126
2.4068483829477167,22,0,1,medium,145.90623224974604
7.81084884234118,12,0,0,medium,153.70838825836606
3.2015121309774646,12,1,0,high,149.16968402431488
17.398965091636278,17,1,0,high,991.6631890776408
12.8426644097236,2,1,0,medium,308.44463221675176
7.2870624722003345,6,0,0,low,129.75203885613251
2.207608655434449,13,0,1,low,107.86876733668876
6.908664112597582,19,0,1,low,420.0237073014452
7.178483118508193,16,0,0,medium,140.92597039182297
14.862517388423218,20,0,0,low,487.08485853033136
13.11359195574905,11,1,1,low,292.4419293083862
17.857042108950203,15,0,1,high,550.152741231547
9.972083578077036,23,0,0,high,201.24572430560775
3.272290672827732,11,0,1,high,176.03377738281446
14.551650957236905,14,0,0,low,204.0134613160089
15.454915923721051,9,0,0,medium,578.1030853656799
11.664266753820428,6,1,1,low,245.8427156233512
15.648376419136659,19,1,0,low,704.3684737907412
10.382116330923424,4,1,0,low,234.59206523483525
10.931923758257888,0,0,1,low,289.17207105745206
9.123279348812442,16,0,1,low,259.948187752245
1.4829634081378087,2,0,0,high,69.35607809771871
3.049937112872785,12,0,0,low,74.1033492852894
1.5971545280479509,13,1,0,medium,89.52803078692293
13.091797814011828,23,0,1,medium,374.59887885041735
6.972763640450207,17,0,0,low,270.89995514010855
10.662843132129353,3,0,0,low,164.0141944588829
18.243763004595767,17,0,1,low,905.7489334801892
5.736552353828624,4,1,0,medium,182.54582558246943
8.797275537676965,15,0,0,low,138.43757086778837
15.355471632317926,0,0,0,low,226.8227209951549
5.347165144340827,20,0,1,low,369.50260621182144
2.462618286747067,13,0,0,medium,76.24155489445138
6.505277605361592,14,1,0,high,214.57675954749578
4.0632044578260835,8,1,1,low,272.2814999472137
18.66425539450889,14,1,0,medium,435.5127434955971
16.35428721172392,16,1,0,medium,392.9952101055661
13.034671373698046,23,0,0,high,267.8998049197693
17.557751213566636,3,0,0,high,326.45001531906127
16.269769461083175,11,0,0,medium,265.40897407270677
4.544831118834681,4,0,0,medium,101.59155254438213
17.95862097130958,4,1,0,high,471.48484844892573
11.247502596397364,10,0,0,low,381.98043964583985
16.341362948117187,5,1,1,low,347.44070061022967
18.025734698546373,6,0,1,low,415.29566913167434
7.042066024465414,23,0,1,high,277.4418672107607
3.090986566025858,13,0,1,high,162.4262585733039
5.330768088296892,23,1,0,low,145.61643084877736
9.11504798389887,10,0,1,medium,595.7907931117384
16.54228055252737,12,0,0,low,250.07428390746466
17.353881081870526,1,0,1,low,419.66723315382046
1.1320904800926233,6,0,1,high,124.04946161750476
10.704198748973749,19,0,1,low,601.6650661755423
8.930809059826801,3,1,1,low,213.23162434598635
5.220048398943875,7,0,0,medium,256.0175126203656
3.277441979339973,19,0,0,medium,203.49943145758
7.414688256668931,21,0,0,low,284.2585988215315
18.915284374337865,20,0,0,medium,686.7915465280925
7.14085570839435,18,1,0,medium,441.54706451288223
10.857021813123955,12,0,1,low,286.70715723341567
14.35736021900838,13,0,1,low,362.0641385296523
7.908962445206585,9,0,0,medium,353.5317182739084
19.463859571698254,10,1,1,low,836.0397620626283
19.286498603900114,1,1,1,high,511.3596559828755
5.7838636206819185,8,0,1,high,494.82635757457564
10.447721611955323,16,0,1,high,373.8419711823622
6.716687886518623,2,0,0,low,116.0761643324823
6.411969393171884,23,1,1,high,228.4959723251926
1.700851999736123,5,0,1,low,90.2847418204748
12.58172234561804,4,0,0,low,187.93741008812972
10.550901441348369,4,0,0,low,163.96299190727157
1.9780962737497978,21,0,1,low,225.94934940832928
6.294282820495617,14,0,0,medium,139.75563734859008
18.257051833366422,22,1,1,low,363.08669405609555
5.551675922672476,16,0,1,low,171.32412337545455
3.7530025697332388,8,0,0,medium,208.81546524848713
10.299602445273697,2,0,0,low,174.1567029208717
19.727358628101413,19,1,1,medium,976.1877396898432
5.599050158718508,16,0,0,low,98.51363223696511
13.770575400711692,9,1,0,high,812.9274283367247
15.470772691245633,2,0,0,high,302.79814514872385
5.5151133358555935,17,0,0,low,236.6831062256111
14.836110623625332,17,0,1,low,762.5994743647697
7.987879521665811,16,0,0,low,129.60418060540528
13.01381078127801,23,0,1,high,422.77616892706345
13.037064504457,2,1,0,low,292.3470651205622
11.17971899742041,2,0,0,low,187.5478406789814
2.715505631033758,5,0,1,low,114.78889897506583
16.87074741619552,12,0,1,low,420.97829623419017
7.094821234462981,23,1,0,low,176.29939560119945
4.54385169759723,14,1,0,high,181.22226849777527
1.7747276895405144,8,0,0,low,149.19935805610916
12.226965920576594,3,1,0,low,267.72135834193443
13.873722875003367,13,0,1,high,451.0232945144499
1.315168749629267,4,0,0,high,78.92528020452205
10.729768107686338,1,1,0,low,234.13077020452988
5.303419728760821,10,1,0,low,326.31806346282076
13.258283017779547,8,0,1,low,699.9813558484153
4.312962151094837,23,0,1,high,196.96493008623088
14.127817023946854,2,0,0,low,204.7004634608354
8.347971579710212,8,1,1,high,546.5510712344197
18.797869785997957,2,0,0,medium,301.12122571377984
3.6128979387738718,1,0,0,medium,93.74568945912421
7.4802606699549115,11,0,1,low,210.80933813299376
3.155996903571192,9,0,1,low,272.96686976938656
18.569178747292693,8,0,1,low,926.3171455121723
17.66944771423864,14,1,0,low,361.2202794140483
5.900890926587957,7,0,0,medium,292.02446988271015
13.539696874649401,4,0,1,high,438.38344853942215
16.527221803823103,10,0,0,medium,624.6972991224668
11.548815420389785,1,1,0,medium,296.71257768018467
11.063360988764122,23,0,0,low,185.12238922320742
5.595193527108582,14,0,1,low,200.38426322767194
2.768952588312085,5,1,0,low,101.68555198760657
18.047099401113208,7,1,0,medium,899.4204024949969
18.10794308610328,4,1,1,high,479.68689651063437
13.028927688192091,15,1,0,medium,329.9164690211573
7.441566029925313,17,0,0,low,301.5300425717842
7.634981917640557,5,1,0,low,184.31001966347037
14.793157898534549,4,0,0,medium,253.19553313160137
18.045094939098966,15,1,0,low,368.33182222878406
17.85464206103723,12,1,0,high,480.911552079465
15.817635371294854,4,1,1,high,442.28302252802905
13.198601276931468,12,0,0,medium,226.2180717221901
2.598659334905928,16,0,1,low,106.94186997850235
4.070945567797661,17,0,0,low,205.86674374557919
18.072529582014507,7,1,0,low,779.361644502729
12.52215213353221,12,1,0,low,272.83786297172634
1.1747439807159634,18,0,0,low,128.01433417430394
2.92795931445461,2,0,1,medium,148.4050259599593
13.60653361305306,23,0,0,medium,232.95640365570785
1.096170093078155,7,1,0,low,158.04431211816328
4.0553529769324745,1,1,1,low,104.47734919919314
11.425941997965136,7,0,1,low,627.2472434803411
14.146008756161171,12,0,1,low,352.45744398114243
13.38726393054941,12,1,0,high,387.71818716270775
5.261116879750636,0,1,1,low,151.69632392178593
14.531405205603182,5,0,0,low,210.04785948695945
5.507732662439201,23,0,0,low,114.62775265627873
7.182594265026086,18,0,0,high,378.31809395008116
15.183336697242458,15,0,0,medium,253.77779190712607
13.343025081897078,7,0,0,low,459.81083613580694
17.13524479938938,0,0,0,medium,278.023913788485
13.494644953706525,15,1,1,medium,335.6827666753192
11.797863463373961,8,0,0,high,535.6762746661764
2.779820588733757,12,1,0,low,111.91355244543283
7.986600258129237,10,0,0,high,402.30184384926343
6.0388449859527835,12,0,1,high,244.42685176515386
5.635803224202588,20,0,0,high,323.5662742950423
19.487200540296467,9,0,0,medium,707.5821581913539
8.468856768668449,3,1,1,medium,229.98090280877787
17.948884548365154,5,1,1,low,363.3220212572432
12.991633893947995,6,0,0,medium,240.804454868293
16.10141476729132,4,0,1,medium,447.32132777803264
10.55010476899865,10,1,1,medium,596.6029059993585
11.961173807900822,12,0,1,low,301.0888712577473
10.357836182558414,18,0,0,medium,429.0140570290322
4.709616768162846,22,1,1,high,183.05349869193685
14.7265901899686,9,0,0,low,500.58775016696205
6.33467488637626,9,0,0,high,334.11187335045867
1.462003362197623,10,0,0,medium,141.44989065255308
13.263973622236188,20,1,0,high,791.3569618042908
4.36510290873393,6,0,0,low,105.69964953873078
18.86871310270537,17,0,1,low,928.0769280464003
19.124642963049162,3,1,0,high,483.7886464643028
18.382423414188523,1,0,0,low,261.0672236692485
8.033015304853443,13,1,0,high,262.9298391519158
1.2936757140484811,12,0,0,low,47.41366110746287
18.63805268916678,11,1,1,medium,443.3988404259483
9.135498818028973,6,0,0,low,141.33869793624802
19.36644156182972,1,0,0,medium,312.08442526771665
19.308779564695804,12,0,0,low,277.7268132986381
17.20717965387984,13,0,0,low,236.98643263265058
6.594528949322128,16,1,0,low,173.00556689634678
8.316856843436579,8,1,1,low,437.51477138132896
17.171596758820282,16,0,1,high,544.3834497432288
7.021518097969276,7,0,0,high,357.6902767779954
4.220362187035757,1,1,1,low,142.67760541371223
11.579223986708653,23,1,1,medium,301.60947915925425
18.78694070905484,12,0,1,low,433.7155735802377
14.224566136824487,2,0,0,medium,249.21296160605175
11.831162231697935,15,0,0,high,231.99513679514956
2.8463533816446023,5,0,0,high,97.9756211347955
12.685137307284226,18,0,1,low,682.7620154171577
19.811023151981,6,0,1,medium,535.3758452731822
3.6615962894939567,9,0,0,low,175.69835890400233
10.848263394910997,8,1,0,high,689.017062954718
17.670088366631152,1,0,1,low,435.26605984489544
15.074603737329884,14,0,1,medium,428.611860256544
14.243299078910091,4,0,1,medium,416.7495927302781
14.347197595755077,21,0,1,medium,853.4544632866748
7.830331873175348,3,0,0,low,134.73974389219097
6.578245041025374,19,0,0,high,346.74209739889676
16.37786195409176,3,0,1,low,397.1114877461226
16.392154498904432,17,0,0,medium,615.3508178316686
17.47437405302197,3,0,0,low,240.02705804709893
18.351570498572954,16,0,1,low,437.75720306493497
10.715505578357819,11,1,0,medium,281.6943626329938
10.528809599056792,21,0,1,low,598.5782659759651
16.167608400368728,16,1,0,low,327.63599943586996
13.349314684777537,9,0,1,low,706.8375589846893
14.337370667896364,21,0,0,low,482.1501982446247
16.12006071928592,0,0,0,medium,253.4430880806838
17.91010149453376,21,0,1,high,1166.4897735499646
7.4219079801791805,23,1,0,low,192.89285052936648
8.136076100158936,17,1,1,low,425.86593583289556
2.785656856976511,17,1,1,low,224.01790174919606
11.987322678927306,13,0,0,low,186.5137924393071
1.6829032021380996,14,0,0,medium,70.582821767498
9.846362344516743,11,0,0,medium,168.3641416478095
11.310248059443955,3,0,0,low,177.2695393113632
6.444283790437404,2,0,1,low,195.35351202221722
12.225831950811205,19,0,1,low,649.7134644001841
1.5795047488419391,11,0,1,high,149.4018228271621
1.709615586235074,6,0,1,high,142.97323107245796
16.629410652533508,10,1,0,low,723.8305826785154
7.843622186813995,0,1,1,low,195.91088096067253
3.414149740385811,5,1,1,high,163.23966197254146
10.922621941041283,14,0,1,high,363.8744116210044
15.629877508873605,14,0,1,low,385.189781011214
5.10059952244002,18,0,0,low,228.70876891163647
12.834919040561005,10,1,1,low,583.5022841094079
2.621601834881592,22,0,0,medium,85.2145077582638
1.9819527022035461,1,0,0,low,72.71340355058756
11.095737999794812,13,1,0,low,261.39873336780755
11.272067310592023,1,0,1,medium,338.63224100461963
13.111168128465925,3,0,1,low,353.5076499263698
14.79573534073057,16,0,1,medium,406.3424055893443
19.541189509788158,2,0,1,low,466.74505693701957
10.80970661772271,12,0,0,low,158.41812485323368
7.1361729858836735,8,0,1,medium,507.84340819020855
16.108537700605368,6,0,0,low,229.12719840642418
6.14581277397941,14,0,0,high,151.9296989252033
9.340456993407086,22,1,0,medium,250.838515660168
2.4906712455030533,10,0,1,low,238.69919943637652
1.4816641248936926,19,0,1,medium,227.14651930108883
19.290319878880577,1,0,0,low,286.9435145261633
16.88362228973191,14,1,0,high,457.701881024237
14.223509915780262,13,0,1,low,342.4357514397166
8.770105943871128,19,0,0,medium,380.21809143813255
4.29259208134607,21,1,1,low,278.46656792816367
3.9723038107506348,10,1,1,low,268.29980462754037
5.754615065127311,2,0,0,high,148.33110024784042
11.435306629416289,16,1,0,high,341.2285455129103
14.577322531301185,11,0,1,low,356.3575991114226
13.543750157636895,23,0,1,low,342.02931996363316
6.318744041972914,20,0,0,high,334.41902785134073
19.14244033260069,14,0,1,high,597.3261943772787
15.020041417219602,15,1,0,low,315.2878797396653
11.532726997716614,4,0,0,low,178.62673581021437
12.622694178452692,19,0,1,low,669.9056647083462
8.972401186128009,5,1,1,high,275.5870641206249
5.706888800521992,18,1,0,low,345.5941648025926
7.76348089437397,4,0,1,low,244.1695218560459
15.399076098823013,2,0,0,medium,261.52398691369734
1.2734762839653615,0,0,0,low,54.48195716904911
3.2053801696314084,5,1,0,low,100.22387524411327
1.8740501984133022,14,0,1,low,99.52239242533079
1.7738472440604327,1,1,0,low,87.23819209107702
17.253751096209136,2,0,0,low,241.32450738941023
14.36949932822045,16,0,0,medium,239.4198846264668
10.00930275265918,23,0,1,low,283.1917756163775
2.858849052369028,11,0,1,medium,144.64440410925832
10.340701627219815,17,0,1,high,749.6811542312637
9.995963644830749,14,1,0,medium,259.48626506737077
4.290835528290288,11,0,1,low,164.03850231188375
9.243181335521488,15,0,0,low,149.21754700234933
8.571589953550095,7,1,1,low,432.98187377315264
12.701151862992113,13,0,1,low,312.5333532430045
13.066779366485232,16,1,0,low,282.90513214285386
1.8607761856688458,20,0,1,medium,247.17581286720838
8.117639677902954,7,0,0,low,322.65290927151494
12.891338398570491,14,0,0,low,209.4472503188615
10.559588913021667,13,0,0,low,156.83282299812979
17.273306982578124,17,1,0,medium,861.199981357261
13.515179000759955,19,0,0,low,452.6992759395072
4.095754114547164,6,0,1,medium,166.7328742963148
2.340806200608167,2,0,0,low,69.82900701279172
13.205966285919997,11,0,1,high,433.42910724931033
1.5037149002908143,20,1,0,high,233.14559320472438
12.129736044195802,23,0,0,low,193.68558070352535
18.864374587074195,2,0,1,low,441.6557445431806
11.9340093796417,19,1,0,low,568.5785142002624
8.375228597923916,13,0,0,low,134.6735238605256
13.22247615040471,14,1,1,medium,346.1849088540326
9.706804919338817,13,0,0,high,216.39396447168068
11.366718997002764,6,0,0,medium,201.95607947154824
18.88783136675398,16,0,0,high,338.94150176512176
8.335950118214711,11,1,1,low,192.40629020535354
19.26262071265437,19,1,1,low,836.7124605852647
18.201662197165213,3,0,1,medium,501.9959436300431
4.720031560996633,8,0,1,low,346.6226644351939
2.3178647166281436,5,0,0,medium,95.6203648438335
2.9147820261711064,15,0,0,low,68.81432080432428
1.3462146873794447,21,0,1,low,187.26145668235756
2.7944162543626394,21,1,0,high,294.054736194516
13.97712869491078,20,0,0,low,476.5405516542095
2.352584320744351,20,0,0,high,192.05202733984066
7.060536975581464,1,0,0,high,162.42137472914482
17.052630908419637,23,0,1,medium,486.40180733553063
1.4421667789806913,7,0,0,medium,135.21625577942746
16.474901169189778,10,0,0,medium,616.9282249948552
6.3552407206945984,12,1,0,high,213.32330280089317
3.245131724811469,16,0,1,low,134.40452410694704
14.238006141918863,7,0,0,low,480.10444015647886
12.949914088817795,20,0,0,medium,507.36130052089726
17.671968257014004,17,1,1,low,763.2328951806594
14.96634983227383,17,1,1,low,667.9543967352272
16.266137677312123,13,0,0,low,246.6063959703412
6.3586568788548234,14,1,0,medium,195.2306926479958
4.371351331814734,5,0,0,high,126.91563379698864
15.261680281176309,10,0,0,low,504.0677300732247
16.329860046078018,12,0,0,high,313.21874526475244
19.819597698012792,0,0,0,medium,316.34127951307795
8.839735861317102,5,0,0,high,183.75978626240732
8.06834363006288,8,1,0,medium,487.57959653707957
15.75184625409794,7,1,1,medium,814.947955701612
7.475267264807339,10,0,1,low,447.944006707312
18.68438918646773,21,0,1,high,1200.9948558028375
17.309842285017226,18,0,0,low,556.0599302696179
9.150886520125349,23,0,0,high,207.71242655381667
15.26655028803845,8,0,1,high,1022.9603112131798
15.336314607608964,16,0,0,low,213.44308065238047
2.9593535078827196,11,0,0,low,74.76837976187663
18.148505226911766,13,1,0,medium,424.9200658231871
10.599795076509286,14,0,1,low,273.1776877035769
16.70269185604709,15,0,1,high,527.3914327576676
7.080942419581623,21,1,0,low,380.0919061301862
18.014941341427807,21,0,0,low,573.5103560296136
8.3948318959491,19,0,1,high,638.9283643555345
1.2059153781256688,0,0,0,medium,74.41278060492466
18.20225755196601,9,0,1,high,1176.2931895866468
2.7344468589365376,7,1,1,low,223.2062571105518
7.066959114217882,17,0,1,medium,503.2992478762719
19.051177373965295,0,0,0,medium,304.86611295778243
19.061535791813565,1,1,0,medium,445.66687711386066
11.895319874342436,0,1,0,medium,303.14660131171496
13.004907031226185,0,1,1,medium,325.3115647397205
9.520464917588075,8,0,1,low,534.5281171920385
6.571004662263226,12,0,0,low,117.20305988913758
7.244626362028403,0,1,0,medium,216.28779006902727
13.77785066546373,12,1,1,low,294.24272644817285
15.29511605931592,19,0,1,medium,903.6190869819545
16.04000183079112,21,0,1,low,817.3411731187329
16.002744713096526,6,0,0,medium,270.1770380866034
2.732915957925117,1,1,0,medium,125.0177132359984
10.393985789349047,5,0,1,low,276.99682693000494
2.093616440316241,6,0,1,low,102.76785898487663
11.441048764150976,13,0,0,low,167.5428625404127
9.389079526094163,17,0,0,medium,403.1724105871146
17.866379472407697,14,1,0,high,482.39235205193506
7.667385238489495,1,0,0,low,137.20354033657418
3.2242733121245113,9,1,0,medium,283.40424164729524
3.7168419590038813,22,1,1,low,120.53458118257997
15.468702002631973,11,0,0,low,220.6254126894593
12.74614320300896,16,0,1,high,416.07606012574394
2.9213308463330145,7,0,0,low,160.16113287830737
2.5980293161849515,10,1,1,low,227.49690599871406
14.318413497723279,2,0,1,low,354.032266887795
2.382497120919677,5,0,0,low,77.02883800472321
16.615341126516768,8,1,0,low,731.0202395226505
14.418602315973429,5,0,0,low,207.61329812574175
2.5456268321960955,8,1,0,medium,239.50181148957554
2.611916567618646,6,0,1,low,115.86443313540416
19.746151991522332,8,0,1,medium,1129.2700204286089
8.111145119366286,17,0,0,low,300.32723758465124
8.042200794270927,11,1,0,low,213.50320429683882
16.44319177789255,7,0,0,medium,607.3362452838064
18.997722970293314,7,1,1,high,1071.9949034751317
19.734020212634547,17,1,0,low,845.8712118539007
15.31418551991989,19,0,0,high,651.9634350889787
8.148932125087399,14,1,1,medium,218.00421297273564
2.5865136172747065,6,0,1,medium,137.2755267200708
15.765791402621298,10,0,0,medium,583.7615350804632
11.609680744980295,19,0,1,low,615.9471361804306
9.06021817569255,15,1,0,low,215.11735950170686
18.220733316799983,3,0,0,medium,292.3627349171537
3.1127521638168756,5,0,1,low,144.2014020112061
10.359876981526323,21,0,1,high,757.7855977211981
1.2157192505809622,2,0,0,low,68.1680884576657
9.9045521978884,8,0,0,low,351.9758461069236
2.06976223795491,9,1,0,medium,229.25102170541018
3.2575404090933664,13,1,0,low,92.92493059168493
3.232998688764993,10,0,0,medium,201.6301902406592
13.334995740205208,17,1,0,medium,704.6581869015829
15.174852706043042,21,0,0,high,650.869714603725
12.084006536846033,11,1,1,medium,306.034430615871
19.281278421016296,22,0,1,medium,527.9507159089553
8.122541010950378,11,0,1,medium,245.46796038407743
6.428529639355354,12,0,0,high,154.33483706259935
17.503383435599744,12,1,1,low,363.9259849026039
5.2483209318696,18,0,1,low,372.1634808713784
19.301228249371615,18,0,1,low,956.3176383377479
1.2309350191065105,22,0,1,low,91.51746565377415
19.42769770744514,13,0,1,medium,539.6723013108834
1.8200383270609461,3,0,0,medium,52.25785511664523
17.931719160263352,12,1,0,medium,418.4595349077361
11.026321072639698,7,1,1,low,521.16002994686
19.866331126266708,22,0,1,medium,540.7864001281416
2.4021347299725786,20,1,1,low,193.01684478675972
11.523231403625095,22,0,0,medium,215.57767866797604
19.41674817676288,18,1,0,medium,958.6919628108689
10.938859039232828,11,1,0,low,249.17385772721474
12.958574124569989,17,0,1,low,687.9998719273672
14.219225090707726,5,1,0,low,313.40812872644506
9.63628023058769,17,0,0,high,440.33783501463563
12.923603521597204,18,0,0,high,571.5170529318204
12.101971926538905,21,1,0,medium,660.9714965995236
18.12200219932879,4,0,1,low,434.33031302862236
1.8634812264876994,23,0,1,low,97.78124412806415
6.338300602252376,8,0,1,medium,463.64348364665426
19.057818197454615,2,1,0,medium,441.8134272053668
17.91501189392741,9,0,1,low,889.2119007360387
9.657478302928546,18,0,0,low,349.5294252425319
12.782519358229198,2,1,1,medium,332.3202039122106
6.270242476641521,21,1,0,low,347.8643856179768
4.574302034751465,14,0,0,low,90.99023262278558
9.810269693859661,0,0,1,low,270.23051406387646
7.713692332495004,6,0,1,medium,256.24016966673753
12.08946612516657,11,0,0,high,229.96219048583947
2.476958102334712,16,0,1,high,152.6930159077202
19.513501345657165,20,1,0,medium,963.9850033652353
19.738004145112455,23,0,0,medium,326.1898839660571
14.265072566375158,19,0,0,low,467.37974010650794
11.185830960538288,4,0,0,medium,208.2230231174719
6.8810247094402275,3,1,0,low,175.7214604823276
16.462105374432024,11,0,0,medium,264.3135207998419
14.009892278523706,19,1,0,low,626.3730179707751
4.089721847552934,23,0,1,low,166.01466729164179
18.307616505383006,17,0,0,low,583.0263174626575
16.628207615540212,16,0,1,low,412.31208337699945
19.046198352546558,18,0,0,low,590.582400361892
14.78867065937884,8,0,1,low,784.400367276748
12.654888722780008,3,0,0,high,256.56222110230516
8.946617689521759,20,0,0,low,329.5151559038458
18.72184118372625,1,1,0,medium,435.8311011401639
17.455213900507758,3,0,0,high,330.17812187434504
1.8591547320175987,1,1,0,high,122.06150539384372
1.500972515447788,14,0,1,medium,114.20591524845281
8.152803970682942,1,0,1,high,302.907553948703
16.400513284854824,3,0,1,low,404.6909460890632
19.758246456983944,5,0,1,low,454.36360972299303
3.8579209309670355,6,0,0,low,83.3248534706904
12.288483591690568,9,0,0,medium,471.88250465564937
8.236926275989408,18,0,0,medium,364.09329962709114
19.42837355847746,18,0,0,low,609.1595743106249
17.000259539578465,21,0,0,low,536.4343829391851
16.92824538951162,11,1,0,medium,396.2878001882232
9.905170036104435,2,1,0,low,229.9561878356109
8.881570544415638,12,1,0,medium,241.09274279818106
6.194734366683418,17,1,1,medium,392.9659903640451
2.071134436367615,7,0,1,medium,248.14266101492962
17.42972514884601,20,0,0,medium,645.2844281679126
16.445119173471475,14,1,1,high,439.65701225885954
19.99463579243648,0,0,1,low,471.02656819169937
19.9360999044042,2,0,0,medium,319.8406971808716
11.553202406449921,7,0,0,medium,465.6674602176726
15.610760888429699,3,0,0,low,234.1047026753157
18.950548867766134,15,0,1,low,453.0892046459648
17.14330042287082,22,1,1,low,351.2725309091305
5.699613933120755,9,0,0,low,244.08768449902684
9.560338570891776,11,0,0,medium,175.21877654022956
3.4540288878784047,13,1,0,high,139.3308781082355
19.126969517915725,13,0,0,low,278.25920358530533
12.51731805456672,1,0,0,low,197.43532755470306
5.344213304565792,22,0,1,high,244.68151151021735
13.762313003711277,4,1,1,low,313.65676315595175
12.74443656870002,4,1,1,low,268.41570284911427
7.805091642623969,5,0,1,medium,257.08714792624556
3.1575942517929514,12,1,1,medium,149.08002974659067
13.759890716263193,8,0,0,low,461.1926444144483
10.885846317172073,21,1,1,low,524.0819639869325
15.674049442977147,14,1,0,low,316.2785347610884
10.883106521127875,13,1,1,medium,283.7114018404673
17.19144850605226,23,0,0,medium,298.69751238159387
11.486229936715226,6,1,1,low,266.37505978726733
11.65782145917234,19,1,0,medium,628.1666076057811
17.656418450508557,1,0,0,high,324.2695968953862
8.666174458035544,6,1,0,low,198.30429229490008
3.546289340562174,5,0,0,low,75.74616696474843
1.5468708499534405,16,1,1,medium,81.697722099983
15.347607857798762,1,0,1,low,378.170929958881
12.78588147571583,2,1,0,low,290.6209173398128
14.377515593885247,4,0,0,medium,247.2531705883664
5.046319068669304,4,0,0,high,141.652489390967
3.5910580361486257,0,0,0,high,116.60650057132656
1.2763486476897565,7,0,0,medium,138.75616079418592
7.661163617325343,11,0,1,medium,250.33760459201005
12.208436050238028,23,0,0,low,180.7317561480447
8.452636856894914,3,0,0,medium,148.90989303761344
9.312023518450852,12,0,0,low,152.00292408377481
18.17901519538122,22,0,0,low,234.9124671719579
7.6168538734427065,14,1,0,medium,222.33344424734454
10.765800294036405,10,0,1,medium,683.5088821282864
15.889407242081719,9,1,0,low,709.6305528611994
8.534312864104134,2,1,0,high,275.05093444282033
12.819647304329596,21,0,0,low,437.72083392361
17.38491046618816,13,0,0,low,261.67149949549594
19.0408918494952,15,1,0,low,391.60217764689475
3.794396137651721,9,0,1,medium,339.1959453410457
18.605164878068393,9,0,1,medium,1060.7552880267096
10.350209568511225,11,0,0,low,146.1121866081336
5.906643377680209,8,1,0,medium,382.9682130289024
9.723579368526964,0,0,0,low,153.63498117485645
19.620618930424065,4,0,0,medium,321.13473011631345
10.359743785864522,19,1,1,low,496.80690358861074
7.246280595462656,7,1,1,low,378.51331135391325
13.03461623201779,10,0,0,high,559.4147745197595
5.562766756785669,11,0,0,low,101.98186093268147
2.4414032340646146,0,1,0,low,115.39426230357998
3.4487147163023355,21,0,1,medium,330.6776997074288
3.4328709401976765,19,0,1,high,378.00691650030546
3.8861511767335926,10,0,0,low,187.725647910493
3.6377162803387924,4,1,0,low,107.87213924343658
13.176620151261078,14,0,1,low,325.0532369548702
4.4557216035837515,4,1,0,medium,154.0070508331552
7.567678383153401,11,1,0,low,172.41645171305672
18.038979788214224,4,0,0,medium,286.8851977460781
10.005271164994575,16,0,1,high,346.9680835061467
13.683597031899517,16,0,0,low,193.63576193428779
4.274077552830967,23,0,0,low,74.29946649537297
4.653491357364745,11,0,1,low,164.2900343130351
1.7765037090630984,23,1,0,low,88.66495565168687
4.209766198371126,14,0,0,high,123.9045916356306
6.293216441607214,14,1,0,low,157.4633741169531
4.3631992012581895,5,0,0,low,98.43777235947805
2.6853481413840568,11,0,1,medium,152.60212290925406
3.2920815509114156,19,0,0,low,180.98391973250307
9.75479659262179,17,0,0,medium,401.5069438453333
4.920340649710058,13,1,0,low,143.78413162306373
7.9211273599134335,1,0,1,high,291.45030260239315
10.56492814624228,8,0,1,high,754.4189371142123
14.117501743957941,4,0,0,medium,246.28760718264616
1.7469306569808798,19,0,0,high,177.20486350173132
16.18879757927181,0,0,1,low,405.5495801352326
12.930107400327248,22,0,0,low,191.62190488997842
2.5534216070285662,2,1,1,medium,114.25219752951156
17.59799385802877,5,0,1,medium,483.62832479509507
18.49657561010445,4,1,1,low,368.25935903310716
2.1604812372424114,20,0,0,low,154.84839259447782
6.26067531479687,4,0,0,low,132.61379709447567
16.317824316068165,0,0,1,low,395.4676592213332
15.216934117289508,16,0,0,low,217.15924185807404
4.505899367771169,18,0,0,medium,237.44558749963807
4.977637143397496,13,0,1,low,163.1086154472982
8.038969953036258,11,0,1,low,243.82858013750175
10.205936718629406,9,0,0,medium,414.6464909553639
12.746840659075623,19,0,0,medium,494.60726805718167
8.009359151825675,20,1,0,high,531.5319344543427
9.78815960652981,17,0,1,medium,637.9280652119954
15.201947824541374,23,0,1,low,375.3576653844912
1.69698085492136,10,0,0,high,167.4665978013193
5.796301942536394,1,0,0,medium,118.84633002845759
14.553642131806496,17,0,1,low,765.6628735559741
18.008929916056786,6,0,0,medium,294.7848948917338
10.721871400197656,23,0,0,high,220.07467700666183
11.110156220040997,14,0,1,low,293.7591987426399
3.036268215455745,10,0,0,low,183.13624492299448
9.500834969645638,17,0,1,low,532.2134540229086
11.11972806264544,22,0,0,low,170.26557259033365
5.606939569059864,11,0,0,low,105.93155317541827
6.115621388038238,5,0,1,medium,206.59911540950998
8.16839909898783,19,1,0,low,415.0144827821823
1.381352757776801,22,0,1,high,132.6713827242751
7.119504146080388,12,0,0,medium,150.33086518655028
5.017512132934348,19,0,0,medium,266.79028672842776
7.222449691380378,15,1,0,high,232.41238808691764
3.275480504565773,17,0,0,low,174.71241170232517
17.920018334058003,9,0,0,low,559.5359710592619
12.278256617526925,22,0,0,medium,222.89541766040205
13.902944063745302,7,0,0,high,613.7665547875889
15.994253533539428,17,0,0,medium,608.7929399486841
10.470401779652088,20,0,1,low,594.2460529867639
2.65148547366105,0,1,1,high,137.81983842824107
11.205024294552407,22,0,1,low,307.29294738589635
12.149981242396704,7,1,0,high,737.507707713786
15.16335000950227,5,1,0,high,401.3734116934146
9.201531378363908,4,0,1,low,261.092853771141
3.4240257531157114,14,0,0,medium,78.82044238492726
6.391742210175765,21,0,0,low,263.93865607069256
7.898563631574067,14,0,1,low,235.42546086531618
13.272427585300424,1,0,1,medium,389.87362651265806
11.844787788709326,0,1,0,medium,319.8455675018899
7.765837792059079,22,1,0,high,233.6043482076393
19.743789727066613,22,0,1,medium,537.5417786343602
12.509721567780856,10,0,0,low,427.90212605210434
5.507309042983895,9,1,1,high,411.2640819464198
2.933866979787671,17,1,1,high,289.94121182135
3.9043236445023086,17,1,1,low,259.00573533951194
5.673196839305654,16,0,0,high,131.70469234077413
4.052946091931558,7,0,0,low,198.56558728084113
4.544773456974809,14,0,1,high,202.87468821846662
6.416808205183095,7,0,1,low,413.2192286750773
4.294098310600342,16,0,1,low,159.87975746859948
18.03854306790208,11,0,0,low,261.11674849257605
2.5244411675712017,7,0,0,medium,178.60288829160777
10.96571640183484,13,0,1,low,292.26053366492636
8.79753971280357,3,0,1,low,254.29513670507026
19.66519372126352,0,0,1,medium,539.9361646175278
3.1287391411929946,0,0,1,high,185.2379002739595
8.55925638186909,18,0,0,low,328.95735420459897
19.41993823223201,15,0,1,low,475.1836039308529
17.444635391985624,13,1,1,low,339.10455455007104
16.524369348036316,20,0,0,low,536.9313813661024
5.9001537138538565,15,0,1,high,240.84019250442535
4.246864160411251,4,0,0,high,117.2512430599018
13.70422117856419,8,1,0,medium,713.0221765675753
18.65814379342413,1,0,1,low,449.1567513337148
11.578494967264666,17,0,0,medium,448.5454172742285
11.860641099928097,5,0,0,medium,212.90434208197806
6.3196027795453995,8,0,0,high,332.64436780059924
15.620365730646801,0,0,0,medium,257.55795836196233
4.553831222592944,8,0,0,medium,248.40447361803677
7.14990549168063,15,1,0,medium,208.95314375360815
9.083292333711919,12,0,1,low,260.24053581892935
10.644597195004646,8,1,0,high,659.4944636539738
5.605784915886525,20,1,0,medium,376.8354402103191
3.181899670044867,12,0,0,medium,97.02040038270837
12.60178080639102,8,1,1,low,588.0269891606894
6.48398051156486,10,0,0,medium,308.23234891179123
12.043526207029633,3,0,1,medium,367.483461067411
3.932891590209844,1,0,1,low,144.10910185849943
10.141661935241531,5,0,1,low,268.3382570297201
11.119199218480132,13,0,0,medium,204.05218471048448
1.9846471996261112,3,0,1,medium,122.83049010159145
7.395481285684491,5,0,0,medium,157.03527028402772
3.5538788618405106,18,0,1,low,293.04756515764274
2.2041244389825874,5,0,1,medium,124.15778472362979
19.80924441540896,1,0,0,low,280.41800519939665
7.124723054519737,17,0,0,low,275.1459251582526
16.387614471238063,12,0,0,low,244.2268014017132
5.838172440511514,8,1,1,low,325.60047356319757
13.948551722254656,22,0,0,low,217.15914286062537
15.444329337904044,18,1,0,low,692.082785377313
12.317136071549042,12,0,0,low,186.4891451016071
9.959947582453008,10,0,1,low,566.0196653803916
8.824977368798102,0,0,1,medium,287.64673534840813
7.62849706431691,23,0,1,low,232.94897394961146
18.66105374070869,21,0,1,low,936.9720774654779
16.781768747966854,6,1,0,high,454.68397670765773
19.33551130266374,20,0,0,low,605.0846396675882
3.36164724622535,14,1,1,medium,128.71058207342023
14.88648202886924,0,1,0,low,314.26523437236733
18.82846867959972,11,1,0,low,391.6097123386439
4.443428257147543,6,1,0,medium,150.88871463533613
2.2634290799687724,14,0,0,medium,74.25179714012796
15.081292336511122,20,0,0,high,661.1401660456798
11.914989150418325,18,0,1,medium,737.7638563769411
16.994746758407167,0,0,0,high,312.04019430901894
3.6556751558995004,16,0,0,low,90.08127009794718
16.110078925337916,16,1,0,low,335.5330895661625
4.830919080907146,2,0,1,low,154.45424565332843
4.109462914448386,11,0,0,low,97.64086763583963
4.121050160688866,5,0,1,medium,167.8748172819915
16.476919684396258,10,0,1,medium,959.9177204599023
13.638747193227802,2,0,0,low,203.11985340843478
10.938243070613268,7,1,1,high,683.108780606554
7.817779198346547,13,0,1,high,276.4593382046911
17.66681027544906,13,0,1,low,423.202116555713
8.456457041030072,9,0,1,low,505.58466704911234
16.515389349959964,1,0,0,low,248.3082363586528
9.34356326283415,13,0,0,low,144.19243610088722
8.161944159073244,8,0,0,low,317.7372782366721
9.790915927722523,2,0,0,medium,175.0232017671661
6.7261796091187,20,0,1,low,420.7104270609814
15.204578223348772,7,0,0,low,497.9477370987428
10.551687411757104,15,0,1,high,366.9351166012076
5.412041207789529,1,0,1,medium,211.9705566983943
18.0919168922168,5,0,1,high,566.9719732346366
8.293933206091017,20,0,1,low,488.73141255796287
11.327504361165783,11,1,0,low,261.07776522525046
18.222970108326393,4,0,0,medium,291.0556963730345
12.86052192236585,1,0,0,low,193.70852352064662
3.2210627734589172,15,0,0,low,86.61900310852724
18.856810348656026,4,0,0,medium,310.45843250577775
12.926453008356939,14,0,0,medium,220.65461969576646
7.363206678484636,11,0,1,low,204.82217730686625
3.646169380604358,3,1,0,low,123.09267242320178
16.086478596135624,14,0,0,low,220.4083415384036
12.781382362641757,10,0,1,low,677.0518141969415
11.135760747550108,15,0,0,low,183.06071616449464
17.983959077968194,22,0,0,low,260.58157810603313
15.983347013266084,5,0,1,low,375.55304560493886
3.881822714922272,13,0,1,high,191.82398609093335
6.922719288115417,17,1,1,medium,430.539230781717
5.721293656474849,11,0,0,medium,114.76411325354931
15.134979558880863,10,0,1,low,780.5655093864788
1.6371162599798081,12,1,1,low,81.95546618212525
11.827904012555013,20,0,0,low,405.4691360298694
15.486715029073121,22,1,1,low,326.2027966497972
17.65854709847324,10,0,1,low,879.1709275404809
7.4995532256022415,22,1,0,medium,216.03700837010024
16.603888788768245,15,0,0,medium,270.3870661679623
3.1020030021489373,14,1,1,medium,123.57531197372334
17.082593542955845,20,1,1,low,757.6162730517028
3.4222845843076657,14,0,0,high,114.1450126062418
8.548458520646978,3,1,1,low,191.64812925963878
16.148611949811517,10,0,0,low,531.9891053956834
3.848431119626702,18,0,0,low,205.0963682669298
5.355776509420188,14,0,0,medium,132.3687303692272
14.72279879946826,3,0,1,high,480.19490535626227
14.680694194375413,20,0,1,low,750.2916566051413
13.18180502482065,12,0,0,high,262.67600510998244
14.185020444874901,21,0,0,high,607.9401987733818
11.311764423604327,18,1,0,low,535.0242683054976
5.784182119232103,1,1,1,low,160.61532427668928
7.56822387657447,13,0,1,low,214.64550544398034
4.450356619227088,3,0,1,high,196.0379994555607
18.26056066533894,15,0,1,low,441.6503568410003
12.084444100556288,20,0,1,medium,761.744096977244
8.616176918509158,19,0,0,low,332.582651443583
9.778110269238521,13,0,0,medium,186.59541119589232
18.99838345262449,14,0,0,low,275.81408491621175
3.9136766592055237,2,1,1,medium,149.11433854918747
12.138366808319148,7,0,1,high,850.7676147915986
10.611884898804854,15,0,0,high,224.73434713814493
12.617630473258309,9,0,1,high,862.4640694573
1.3440934925959698,3,0,0,low,57.72500430669494
17.57035426993888,17,0,0,medium,648.4119144316514
18.710247367188636,1,0,1,low,447.6750392557421
11.73753048819497,16,0,1,low,301.9461405826197
14.236365653660952,12,0,1,medium,413.9244225328746
18.52748824236862,3,1,0,low,371.2115727506289
14.437534051954573,10,1,0,medium,746.1573485108015
3.8982418153709655,6,0,1,high,185.42220791122335
11.94947884316945,11,0,0,low,190.30531921619234
12.527585881274263,9,0,0,medium,492.38775358789223
9.058482754745334,6,0,1,low,247.61937154786128
14.992440476869733,12,0,0,low,216.92184816230736
18.752973280611283,6,0,1,low,447.9413430642401
18.58580174522875,23,0,1,high,590.8534765621697
9.56594805667851,16,0,0,high,191.3366269934114
3.15152287097435,9,0,0,high,233.02253275263797
19.711982780284355,9,1,1,high,1103.8661087039018
16.939063642472746,23,1,1,low,343.2432965543548
3.36859094286207,3,1,1,low,127.54423781389406
18.495995769730072,19,0,1,medium,1061.6832867012306
17.528030879180438,3,1,1,low,356.42250716639995
10.85792308539537,21,0,1,low,582.8604137492829
12.234233279153656,6,1,0,low,270.84072573976806
8.581051373532475,21,0,0,medium,369.5836804701354
2.0404711376185953,0,1,0,medium,98.54253899662777
7.368747591272117,11,0,0,low,120.0760558141803
16.25421552336222,23,1,0,low,345.42092318065517
1.0880084370874543,12,1,0,medium,72.21534440323393
7.336484262131739,9,0,1,medium,519.3388867297214
8.565205178227924,14,0,0,low,141.28296633624817
11.210516455820535,12,1,0,medium,292.99262163689315
18.47725671184245,22,0,0,low,259.3726404632278
7.580573892953264,21,1,0,low,403.1048730713263
7.5921108360283265,21,0,0,medium,333.2928427024498
15.01252371408522,20,0,0,medium,569.245221992959
9.592140876906337,21,0,0,low,352.90047470167707
5.267491635859657,8,0,1,medium,417.81373482797386
9.596350806521174,8,1,1,medium,549.0371565969884
3.6762833872161975,14,0,1,medium,156.05491076104298
4.351352743618243,9,0,1,medium,367.50542770030154
10.468987682050114,23,0,0,medium,185.88531129856403
8.959583540586411,9,0,1,low,515.5657406848057
18.382072120293902,7,1,1,low,808.2583512141348
7.88548408321603,23,1,0,low,191.02773491368737
12.031178655282826,15,0,1,low,302.4438274510117
13.013021470471077,16,1,0,medium,329.16792816400596
1.2487946751783392,4,1,1,medium,101.8291952366198
13.607210068317501,3,0,1,low,333.4645253706605
4.382683370525277,17,1,0,low,299.1146194034329
19.260336031919646,23,0,1,low,461.521027545915
3.8245918273091464,18,0,1,low,309.76293407880837
8.877858350813451,3,1,1,medium,254.39737422771134
2.6216436934942333,6,0,0,low,79.24066546359273
19.940610785072998,9,1,1,medium,981.9278274560008
10.54170519629361,17,1,0,high,672.0804244038031
12.312315329080832,18,0,0,low,424.46931204414983
2.274453070380122,3,1,0,low,105.62642685542961
15.249248937584378,9,0,1,low,792.2973691212995
4.988206268816129,0,0,1,medium,185.3477738815476
18.06303149937356,22,0,1,medium,505.36042968420617
4.897653169158136,17,1,1,low,300.7866890233797
4.623066692609665,4,0,0,medium,110.9038454522855
1.6944436891138026,14,0,0,high,79.4500635409177
9.969271957089985,16,0,0,low,160.3270252256827
11.731981531989712,2,1,0,low,272.51684337061454
2.248464149138695,11,0,0,high,76.14445971141116
15.735024717205201,1,0,0,medium,249.36459424247346
9.612487860212525,0,0,0,high,186.4884900459908
10.96341511722402,22,0,0,medium,205.8482827291788
9.374492191826334,20,1,0,high,600.4332593340806
8.614498156631193,16,0,0,low,144.4314696356934
11.63316629485614,21,0,1,medium,724.0295719972451
3.949564672683538,15,1,1,high,156.51201968204316
4.456634479410152,4,0,1,medium,188.48944722924912
17.37392679925683,14,1,0,low,356.8017513454189
18.97619378053902,2,0,0,low,265.81244475016115
8.092877009315306,6,1,1,low,199.30788518289052
6.144148789727522,10,0,0,low,261.6581940013488
13.235991321541299,9,0,0,low,439.69995573333944
8.765949250863832,8,1,0,medium,517.9118517441441
1.4823407575465524,13,1,0,medium,107.29590369215187
3.966899349957617,12,1,0,low,114.7390418171782
14.603472348100553,1,0,0,medium,249.75431023681028
13.519554896292876,2,1,1,low,288.77853090908224
1.5148238575661863,6,1,0,low,89.37000090450482
5.2174710767260395,20,0,0,low,221.13844537138823
5.390421135173357,17,1,1,medium,381.41820950124907
13.76596212837584,2,1,0,low,282.6126671269019
1.374500217332919,9,0,0,low,125.15725834977655
2.978063057706903,21,0,1,low,269.3103845985777
16.198405622090597,6,0,0,high,299.2044329291347
4.392348579032339,8,0,0,low,201.84619924621686
13.40217604918562,16,0,0,medium,232.72791457180574
5.525472839887804,10,0,0,medium,275.688011038445
2.889386462427558,6,0,0,medium,85.92103853682148
5.620271628989627,23,0,1,high,242.92234931840756
14.723071705257524,13,0,0,low,213.52107891566612
17.25823289401943,18,1,0,low,758.6790530667535
16.77417742677284,3,1,0,high,447.6422992488186
8.546487062750643,5,0,0,low,135.76320886637245
13.693617594842276,9,1,1,medium,716.7360147670794
4.894701612900598,6,0,0,medium,109.5567607604792
6.5698068749592515,12,0,0,medium,133.0729044651354
18.030380551901274,13,0,0,high,342.59655595207715
1.2470365467039848,3,0,0,high,69.42094249629773
2.6246620862348937,7,1,0,medium,246.29097719928816
4.949838847774519,4,1,1,low,143.3578454819276
1.5041118736025747,0,0,0,high,76.29796874122742
4.447273266706149,3,0,0,low,83.87222936372122
12.077789658424152,2,0,0,low,182.54622572569906
9.00706646125746,8,0,1,high,673.001456559825
17.960762510462523,7,0,0,low,573.5634335928204
16.53142767303038,0,0,1,low,408.66158019336
7.494529682259643,5,1,1,low,188.1988478787497
5.9290452351945575,8,1,1,high,451.97240212633005
8.214155755178071,6,0,0,medium,159.26206657434687
12.215603907781347,3,1,0,medium,323.1971790984714
6.093209175634649,12,0,1,low,187.4840819720175
12.858829249133546,16,0,1,medium,371.47711669897154
8.778821391633567,1,0,1,medium,286.8580938938938
11.488896436187625,4,0,0,low,188.77941273397164
9.286404053571017,11,1,0,low,207.03863560902536
6.594849431296436,20,0,0,low,266.4850094592892
19.020612832280978,7,0,1,high,1219.1264206836904
15.508510089035456,5,0,0,medium,261.16024733262594
3.6621503395625985,7,0,0,high,245.62162030664246
17.500891542060344,17,1,1,low,775.7957874054777
10.26119276674076,2,0,0,medium,186.73722183802417
17.996492310987737,21,0,1,medium,1044.1723673513857
16.197249862998987,11,0,0,medium,267.0012454212365
9.079056584915435,2,0,0,high,201.04513772552252
1.4269168580822305,21,0,0,low,130.35605939331398
6.1048698283139755,5,0,1,low,205.24584330767496
11.291050078556472,1,0,0,medium,190.00037218156385
13.036086176696799,22,1,0,medium,315.9822427612401
5.899866023230843,11,1,1,medium,198.13511589091038
3.6477654073836585,1,1,0,low,114.76726549169878
16.863674499186683,5,0,0,medium,273.3602812241693
19.70364143336749,16,0,0,low,269.437908516411
10.98811346375103,2,0,0,low,181.04492921728215
4.261906431117767,1,1,1,medium,140.90494369337128
6.17383920386801,22,0,0,medium,131.3785843115998
1.349422854401868,19,0,0,low,124.30944249460612
18.371677324649482,7,0,0,low,594.3274124335716
3.2372705749126816,21,0,1,low,272.24437531666905
11.953813034770818,11,0,0,low,186.767937050156
6.207049193056914,3,0,0,medium,122.28754947716725
11.529382047800075,4,1,0,high,352.0675666311985
13.37698737868542,12,0,0,low,198.60710994699537
16.765094270436833,14,0,0,medium,277.4284088111112
4.9220041634514615,22,0,0,high,142.02129982064716
1.2089207445111292,15,0,1,high,115.05860431384974
3.600826971307338,9,0,0,low,200.56138696880708
18.100354195113997,22,1,1,high,478.19458724593716
17.60391147368779,15,0,1,low,429.9809101569585
12.350848941235858,11,1,0,low,266.44121658328123
12.409820348239414,16,0,0,low,178.0695526177151
13.635696816378854,15,0,0,low,206.94511660087116
4.332054293845542,11,1,1,low,137.5771254055192
18.373826972574236,7,0,0,low,575.5662423208945
8.95663997294939,19,0,0,low,329.37281271836383
8.279632036740452,2,0,0,high,190.7683314654463
10.859436400373912,15,0,1,high,378.9791328658308
1.8923533687260459,12,1,1,low,87.13814619731366
4.159384006365508,22,0,0,high,112.10618488622629
15.022638712101038,18,1,1,high,891.8266361619335
2.573174690577403,7,1,0,medium,237.84456427527968
12.459890079861376,21,0,0,low,425.9434435609883
5.661633083945098,4,1,1,medium,167.03039765460542
8.396616666797554,19,0,0,high,422.2397621633485
6.485180998643298,7,1,0,medium,414.55923431304245
7.757781612834034,23,0,0,low,134.51877203216387
14.661872198500664,11,0,1,medium,441.8353218904534
6.645312596840325,0,0,1,medium,227.9741989776189
11.761688165641047,20,0,1,medium,745.1612586797893
10.044957641782894,19,0,1,low,560.3677605566301
13.609752141890315,5,1,0,low,290.90841735118545
18.799765047170403,21,0,0,high,797.977155208646
14.918869846994756,17,0,0,high,639.3636086114227
5.083867193224378,7,1,0,low,298.0846321008372
1.5924795661644087,6,0,0,high,79.09803153717527
5.983016841696677,0,1,1,low,159.6046364231825
12.306480683304843,20,1,0,medium,663.3748330284677
1.9770904562007567,15,1,0,medium,104.45995919899927
10.43095869682349,11,1,0,high,326.925413095081
12.340014129420895,5,0,0,high,248.95810712965348
7.3506339255222555,19,0,1,low,441.40898392119084
15.647331871170616,1,1,0,high,427.3780375701676
3.0253668095416644,13,0,0,low,69.90736312116367
2.4276178529803665,3,0,1,medium,132.37519282718446
14.835586367868464,0,0,0,medium,243.44756619205018
10.41433500791777,22,1,0,medium,290.0506134629901
14.079645532126985,17,0,0,low,464.61935244600284
9.261719433471178,12,0,0,high,201.9833379781035
5.681638631543029,1,0,1,low,180.23579607267962
16.562944035809792,8,0,1,low,828.7638974077261
16.188901700410604,20,0,0,medium,607.7465922209453
14.199232946234108,1,0,1,low,358.76597884631343
6.170757607369291,8,0,0,high,338.0626042806983
12.214382670512656,0,1,0,low,247.68677931013116
7.858504041860509,10,0,0,low,292.30084342088105
2.7400593932060486,2,1,0,high,144.09313196115576
18.428957933782613,19,1,0,medium,911.5891799269018
3.5995539874602667,22,0,1,low,142.2225072681751
19.054509722595245,3,0,1,medium,512.0650781885361
9.474109686201158,17,0,0,medium,403.52391457381344
